{"cameraMode":{"drawMode":0,"name":"Shaded","section":"Shading Mode"},"sceneLighting":false,"audioPlay":false,"sceneViewState":{"showFog":false,"showMaterialUpdate":false,"showSkybox":false,"showFlares":false,"showImageEffects":false,"showParticleSystems":false},"in2DMode":false,"pivot":{"x":-0.2019704282283783,"y":0.10509107261896134,"z":0.08877506107091904},"rotation":{"x":0.03842144459486008,"y":0.954062283039093,"z":-0.13980364799499513,"w":0.26219069957733157},"size":0.610260009765625,"orthographic":true}