{"cameraMode":{"drawMode":0,"name":"Shaded","section":"Shading Mode"},"sceneLighting":false,"audioPlay":false,"sceneViewState":{"showFog":false,"showMaterialUpdate":false,"showSkybox":false,"showFlares":false,"showImageEffects":false,"showParticleSystems":false},"in2DMode":false,"pivot":{"x":0.0013482272624969483,"y":0.34616315364837649,"z":0.03224092721939087},"rotation":{"x":0.03842144459486008,"y":0.954062283039093,"z":-0.13980364799499513,"w":0.26219069957733157},"size":1.9773916006088257,"orthographic":true}