{"cameraMode":{"drawMode":0,"name":"Shaded","section":"Shading Mode"},"sceneLighting":false,"audioPlay":false,"sceneViewState":{"showFog":false,"showMaterialUpdate":false,"showSkybox":false,"showFlares":false,"showImageEffects":false,"showParticleSystems":false},"in2DMode":false,"pivot":{"x":0.024898171424865724,"y":-0.8817956447601318,"z":2.429746627807617},"rotation":{"x":0.03842144459486008,"y":0.954062283039093,"z":-0.13980364799499513,"w":0.26219069957733157},"size":17.27208137512207,"orthographic":true}