{"cameraMode":{"drawMode":0,"name":"Shaded","section":"Shading Mode"},"sceneLighting":false,"audioPlay":false,"sceneViewState":{"showFog":false,"showMaterialUpdate":false,"showSkybox":false,"showFlares":false,"showImageEffects":false,"showParticleSystems":false},"in2DMode":false,"pivot":{"x":0.2293078601360321,"y":0.26725080609321597,"z":-0.043981850147247317},"rotation":{"x":0.03842144459486008,"y":0.954062283039093,"z":-0.13980364799499513,"w":0.26219069957733157},"size":1.7390896081924439,"orthographic":true}